{"train_metrics": {"Accuracy": 0.13787938228895466, "AUC": NaN, "WF1": 0.1186320565265216, "precision": 0.29761237124213386, "recall": 0.13787938228895466, "mcc": 0.08487994636400924, "tp": 281, "fp": 6503, "tn": 116, "fn": 91, "sensitivity": 0.7553763440860215, "specificity": 0.017525305937452787, "ppv": 0.041420990566037735, "npv": 0.5603864734299517, "hitrate": 0.05678729795451295, "instances": 28039}, "test_metrics": {"Accuracy": 0.13787938228895466, "AUC": NaN, "WF1": 0.1186320565265216, "precision": 0.29761237124213386, "recall": 0.13787938228895466, "mcc": 0.08487994636400924, "tp": 281, "fp": 6503, "tn": 116, "fn": 91, "sensitivity": 0.7553763440860215, "specificity": 0.017525305937452787, "ppv": 0.041420990566037735, "npv": 0.5603864734299517, "hitrate": 0.05678729795451295, "instances": 28039}}