{"train_metrics": {"Accuracy": 0.053889225721316734, "AUC": NaN, "WF1": 0.04171735574581451, "precision": 0.04003594934962429, "recall": 0.053889225721316734, "mcc": -0.01675713455397065, "tp": 80, "fp": 4587, "tn": 80, "fn": 3157, "sensitivity": 0.02471424158171146, "specificity": 0.017141632740518536, "ppv": 0.017141632740518536, "npv": 0.02471424158171146, "hitrate": 0.020242914979757085, "instances": 28039}, "test_metrics": {"Accuracy": 0.053889225721316734, "AUC": NaN, "WF1": 0.04171735574581451, "precision": 0.04003594934962429, "recall": 0.053889225721316734, "mcc": -0.01675713455397065, "tp": 80, "fp": 4587, "tn": 80, "fn": 3157, "sensitivity": 0.02471424158171146, "specificity": 0.017141632740518536, "ppv": 0.017141632740518536, "npv": 0.02471424158171146, "hitrate": 0.020242914979757085, "instances": 28039}}