{"train_metrics": {"Accuracy": 0.294019044901744, "AUC": NaN, "WF1": 0.24981768468769705, "precision": 0.302983799806398, "recall": 0.294019044901744, "mcc": 0.22098999239328582, "tp": 25, "fp": 683, "tn": 295, "fn": 47, "sensitivity": 0.3472222222222222, "specificity": 0.3016359918200409, "ppv": 0.03531073446327684, "npv": 0.8625730994152047, "hitrate": 0.3047619047619048, "instances": 28039}, "test_metrics": {"Accuracy": 0.294019044901744, "AUC": NaN, "WF1": 0.24981768468769705, "precision": 0.302983799806398, "recall": 0.294019044901744, "mcc": 0.22098999239328582, "tp": 25, "fp": 683, "tn": 295, "fn": 47, "sensitivity": 0.3472222222222222, "specificity": 0.3016359918200409, "ppv": 0.03531073446327684, "npv": 0.8625730994152047, "hitrate": 0.3047619047619048, "instances": 28039}}