{"train_metrics": {"Accuracy": 0.35539783872463354, "AUC": NaN, "WF1": 0.32462771021873643, "precision": 0.3673535654283649, "recall": 0.35539783872463354, "mcc": 0.31231566134322514, "tp": 188, "fp": 792, "tn": 219, "fn": 737, "sensitivity": 0.20324324324324325, "specificity": 0.2166172106824926, "ppv": 0.19183673469387755, "npv": 0.2290794979079498, "hitrate": 0.21022727272727273, "instances": 28039}, "test_metrics": {"Accuracy": 0.35539783872463354, "AUC": NaN, "WF1": 0.32462771021873643, "precision": 0.3673535654283649, "recall": 0.35539783872463354, "mcc": 0.31231566134322514, "tp": 188, "fp": 792, "tn": 219, "fn": 737, "sensitivity": 0.20324324324324325, "specificity": 0.2166172106824926, "ppv": 0.19183673469387755, "npv": 0.2290794979079498, "hitrate": 0.21022727272727273, "instances": 28039}}