{"train_metrics": {"Accuracy": 0.16448518135454188, "AUC": NaN, "WF1": 0.18376160746045567, "precision": 0.3587834278625971, "recall": 0.16448518135454188, "mcc": 0.11059002632828925, "tp": 0, "fp": 93, "tn": 90, "fn": 46, "sensitivity": 0.0, "specificity": 0.4918032786885246, "ppv": 0.0, "npv": 0.6617647058823529, "hitrate": 0.3930131004366812, "instances": 28039}, "test_metrics": {"Accuracy": 0.16448518135454188, "AUC": NaN, "WF1": 0.18376160746045567, "precision": 0.3587834278625971, "recall": 0.16448518135454188, "mcc": 0.11059002632828925, "tp": 0, "fp": 93, "tn": 90, "fn": 46, "sensitivity": 0.0, "specificity": 0.4918032786885246, "ppv": 0.0, "npv": 0.6617647058823529, "hitrate": 0.3930131004366812, "instances": 28039}}