{"train_metrics": {"Accuracy": 0.28891900567067297, "AUC": NaN, "WF1": 0.30786582990399486, "precision": 0.3789020412058808, "recall": 0.28891900567067297, "mcc": 0.2581709738034888, "tp": 0, "fp": 22, "tn": 104, "fn": 338, "sensitivity": 0.0, "specificity": 0.8253968253968254, "ppv": 0.0, "npv": 0.23529411764705882, "hitrate": 0.22413793103448276, "instances": 28039}, "test_metrics": {"Accuracy": 0.28891900567067297, "AUC": NaN, "WF1": 0.30786582990399486, "precision": 0.3789020412058808, "recall": 0.28891900567067297, "mcc": 0.2581709738034888, "tp": 0, "fp": 22, "tn": 104, "fn": 338, "sensitivity": 0.0, "specificity": 0.8253968253968254, "ppv": 0.0, "npv": 0.23529411764705882, "hitrate": 0.22413793103448276, "instances": 28039}}