{"train_metrics": 
{"Accuracy": 0.4427576601671309, 
"AUC": NaN, "WF1": 0.4448440330519843,
 "precision": 0.5584089211658285, 
 "recall": 0.4427576601671309,
  "mcc": 0.38370556786811266, 
  "tp": 0, "fp": 0, "tn": 0, "fn": 0, "sensitivity": NaN, "specificity": NaN, "ppv": NaN, "npv": NaN, "hitrate": NaN, "instances": 7180}, "test_metrics": {"Accuracy": 0.4427576601671309, "AUC": NaN, "WF1": 0.4448440330519843, "precision": 0.5584089211658285, "recall": 0.4427576601671309, "mcc": 0.38370556786811266, "tp": 0, "fp": 0, "tn": 0, "fn": 0, "sensitivity": NaN, "specificity": NaN, "ppv": NaN, "npv": NaN, "hitrate": NaN, "instances": 7180}}