{"train_metrics": {"Accuracy": 0.2034818941504178, "AUC": NaN, "WF1": 0.18265574180039812, "precision": 0.26981154628633774, "recall": 0.2034818941504178, "mcc": 0.15428393987023142, "tp": 0, "fp": 0, "tn": 0, "fn": 0, "sensitivity": NaN, "specificity": NaN, "ppv": NaN, "npv": NaN, "hitrate": NaN, "instances": 7180}, "test_metrics": {"Accuracy": 0.2034818941504178, "AUC": NaN, "WF1": 0.18265574180039812, "precision": 0.26981154628633774, "recall": 0.2034818941504178, "mcc": 0.15428393987023142, "tp": 0, "fp": 0, "tn": 0, "fn": 0, "sensitivity": NaN, "specificity": NaN, "ppv": NaN, "npv": NaN, "hitrate": NaN, "instances": 7180}}