{"train_metrics": {"Accuracy": 0.16434540389972144, "AUC": NaN, "WF1": 0.10641288070254858, "precision": 0.21757042559533785, "recall": 0.16434540389972144, "mcc": 0.08007815599710288, "tp": 0, "fp": 0, "tn": 0, "fn": 0, "sensitivity": NaN, "specificity": NaN, "ppv": NaN, "npv": NaN, "hitrate": NaN, "instances": 7180}, "test_metrics": {"Accuracy": 0.16434540389972144, "AUC": NaN, "WF1": 0.10641288070254858, "precision": 0.21757042559533785, "recall": 0.16434540389972144, "mcc": 0.08007815599710288, "tp": 0, "fp": 0, "tn": 0, "fn": 0, "sensitivity": NaN, "specificity": NaN, "ppv": NaN, "npv": NaN, "hitrate": NaN, "instances": 7180}}