{"train_metrics": {"Accuracy": 0.16420612813370475, "AUC": NaN, "WF1": 0.14577277784024076, "precision": 0.2591604722458547, "recall": 0.16420612813370475, "mcc": 0.04409056652392647, "tp": 0, "fp": 0, "tn": 0, "fn": 0, "sensitivity": NaN, "specificity": NaN, "ppv": NaN, "npv": NaN, "hitrate": NaN, "instances": 7180}, "test_metrics": {"Accuracy": 0.16420612813370475, "AUC": NaN, "WF1": 0.14577277784024076, "precision": 0.2591604722458547, "recall": 0.16420612813370475, "mcc": 0.04409056652392647, "tp": 0, "fp": 0, "tn": 0, "fn": 0, "sensitivity": NaN, "specificity": NaN, "ppv": NaN, "npv": NaN, "hitrate": NaN, "instances": 7180}}