{"train_metrics": {"Accuracy": 0.23036211699164347, "AUC": NaN, "WF1": 0.18957405419943527, "precision": 0.18495330044508382, "recall": 0.23036211699164347, "mcc": 0.1456424578266776, "tp": 0, "fp": 0, "tn": 0, "fn": 0, "sensitivity": NaN, "specificity": NaN, "ppv": NaN, "npv": NaN, "hitrate": NaN, "instances": 7180}, "test_metrics": {"Accuracy": 0.23036211699164347, "AUC": NaN, "WF1": 0.18957405419943527, "precision": 0.18495330044508382, "recall": 0.23036211699164347, "mcc": 0.1456424578266776, "tp": 0, "fp": 0, "tn": 0, "fn": 0, "sensitivity": NaN, "specificity": NaN, "ppv": NaN, "npv": NaN, "hitrate": NaN, "instances": 7180}}