{"train_metrics": {"Accuracy": 0.1774373259052925, "AUC": NaN, "WF1": 0.17787970765898037, "precision": 0.2748677112320633, "recall": 0.1774373259052925, "mcc": 0.08188629503599855, "tp": 0, "fp": 0, "tn": 0, "fn": 0, "sensitivity": NaN, "specificity": NaN, "ppv": NaN, "npv": NaN, "hitrate": NaN, "instances": 7180}, "test_metrics": {"Accuracy": 0.1774373259052925, "AUC": NaN, "WF1": 0.17787970765898037, "precision": 0.2748677112320633, "recall": 0.1774373259052925, "mcc": 0.08188629503599855, "tp": 0, "fp": 0, "tn": 0, "fn": 0, "sensitivity": NaN, "specificity": NaN, "ppv": NaN, "npv": NaN, "hitrate": NaN, "instances": 7180}}