{"train_metrics": {"Accuracy": 0.23662952646239555, "AUC": NaN, "WF1": 0.21101858416083977, "precision": 0.21976162876121938, "recall": 0.23662952646239555, "mcc": 0.14123921770146014, "tp": 0, "fp": 0, "tn": 0, "fn": 0, "sensitivity": NaN, "specificity": NaN, "ppv": NaN, "npv": NaN, "hitrate": NaN, "instances": 7180}, "test_metrics": {"Accuracy": 0.23662952646239555, "AUC": NaN, "WF1": 0.21101858416083977, "precision": 0.21976162876121938, "recall": 0.23662952646239555, "mcc": 0.14123921770146014, "tp": 0, "fp": 0, "tn": 0, "fn": 0, "sensitivity": NaN, "specificity": NaN, "ppv": NaN, "npv": NaN, "hitrate": NaN, "instances": 7180}}