{"train_metrics":
 {"Accuracy": 0.6863509749303621, 
 "AUC": NaN, "WF1": 0.6583989669787389,
  "precision": 0.7223826262104968,
   "recall": 0.6863509749303621, 
   "mcc": 0.6556375981232037,
    "tp": 0, "fp": 0, "tn": 0, "fn": 0, "sensitivity": NaN, "specificity": NaN, "ppv": NaN, "npv": NaN, "hitrate": NaN, "instances": 7180}, "test_metrics": {"Accuracy": 0.6863509749303621, "AUC": NaN, "WF1": 0.6583989669787389, "precision": 0.7223826262104968, "recall": 0.6863509749303621, "mcc": 0.6556375981232037, "tp": 0, "fp": 0, "tn": 0, "fn": 0, "sensitivity": NaN, "specificity": NaN, "ppv": NaN, "npv": NaN, "hitrate": NaN, "instances": 7180}}