{"train_metrics": {"Accuracy": 0.5885793871866295, "AUC": NaN, "WF1": 0.5500500163828608, "precision": 0.6098001294278524, "recall": 0.5885793871866295, "mcc": 0.5541364916125325, "tp": 0, "fp": 0, "tn": 0, "fn": 0, "sensitivity": NaN, "specificity": NaN, "ppv": NaN, "npv": NaN, "hitrate": NaN, "instances": 7180}, "test_metrics": {"Accuracy": 0.5885793871866295, "AUC": NaN, "WF1": 0.5500500163828608, "precision": 0.6098001294278524, "recall": 0.5885793871866295, "mcc": 0.5541364916125325, "tp": 0, "fp": 0, "tn": 0, "fn": 0, "sensitivity": NaN, "specificity": NaN, "ppv": NaN, "npv": NaN, "hitrate": NaN, "instances": 7180}}