{"train_metrics":
 {"Accuracy": 0.6877437325905292, 
 "AUC": NaN, "WF1": 0.6509054411386679, 
 "precision": 0.665933486157004, 
 "recall": 0.6877437325905292, 
 "mcc": 0.6547186651677827, 
 "tp": 0, "fp": 0, "tn": 0, "fn": 0, "sensitivity": NaN, "specificity": NaN, "ppv": NaN, "npv": NaN, "hitrate": NaN, "instances": 7180}, "test_metrics": {"Accuracy": 0.6877437325905292, "AUC": NaN, "WF1": 0.6509054411386679, "precision": 0.665933486157004, "recall": 0.6877437325905292, "mcc": 0.6547186651677827, "tp": 0, "fp": 0, "tn": 0, "fn": 0, "sensitivity": NaN, "specificity": NaN, "ppv": NaN, "npv": NaN, "hitrate": NaN, "instances": 7180}}