{"train_metrics": 
{"Accuracy": 0.6966573816155989, 
"AUC": NaN, "WF1": 0.6581120211156272,
 "precision": 0.6608187745931238, 
 "recall": 0.6966573816155989,
  "mcc": 0.6562262334998018,
   "tp": 0, "fp": 0, "tn": 0, "fn": 0, "sensitivity": NaN, "specificity": NaN, "ppv": NaN, "npv": NaN, "hitrate": NaN, "instances": 7180}, "test_metrics": {"Accuracy": 0.6966573816155989, "AUC": NaN, "WF1": 0.6581120211156272, "precision": 0.6608187745931238, "recall": 0.6966573816155989, "mcc": 0.6562262334998018, "tp": 0, "fp": 0, "tn": 0, "fn": 0, "sensitivity": NaN, "specificity": NaN, "ppv": NaN, "npv": NaN, "hitrate": NaN, "instances": 7180}}