{"train_metrics": {"Accuracy": 0.5823119777158774, "AUC": NaN, "WF1": 0.5453509703096739, "precision": 0.6228823208362789, "recall": 0.5823119777158774, "mcc": 0.5402851368649472, "tp": 0, "fp": 0, "tn": 0, "fn": 0, "sensitivity": NaN, "specificity": NaN, "ppv": NaN, "npv": NaN, "hitrate": NaN, "instances": 7180}, "test_metrics": {"Accuracy": 0.5823119777158774, "AUC": NaN, "WF1": 0.5453509703096739, "precision": 0.6228823208362789, "recall": 0.5823119777158774, "mcc": 0.5402851368649472, "tp": 0, "fp": 0, "tn": 0, "fn": 0, "sensitivity": NaN, "specificity": NaN, "ppv": NaN, "npv": NaN, "hitrate": NaN, "instances": 7180}}