{"train_metrics": {"Accuracy": 0.49108635097493036, "AUC": NaN, "WF1": 0.48700384579819245, "precision": 0.5562198287711323, "recall": 0.49108635097493036, "mcc": 0.42705796289218484, "tp": 0, "fp": 0, "tn": 0, "fn": 0, "sensitivity": NaN, "specificity": NaN, "ppv": NaN, "npv": NaN, "hitrate": NaN, "instances": 7180}, "test_metrics": {"Accuracy": 0.49108635097493036, "AUC": NaN, "WF1": 0.48700384579819245, "precision": 0.5562198287711323, "recall": 0.49108635097493036, "mcc": 0.42705796289218484, "tp": 0, "fp": 0, "tn": 0, "fn": 0, "sensitivity": NaN, "specificity": NaN, "ppv": NaN, "npv": NaN, "hitrate": NaN, "instances": 7180}}