{"train_metrics": 
{"Accuracy": 0.5182451253481895,
 "AUC": NaN, "WF1": 0.43027633340362254, 
 "precision": 0.5744585338149569, 
 "recall": 0.5182451253481895, 
 "mcc": 0.47705173942855444, 
 "tp": 0, "fp": 0, "tn": 0, "fn": 0, "sensitivity": NaN, "specificity": NaN, "ppv": NaN, "npv": NaN, "hitrate": NaN, "instances": 7180}, "test_metrics": {"Accuracy": 0.5182451253481895, "AUC": NaN, "WF1": 0.43027633340362254, "precision": 0.5744585338149569, "recall": 0.5182451253481895, "mcc": 0.47705173942855444, "tp": 0, "fp": 0, "tn": 0, "fn": 0, "sensitivity": NaN, "specificity": NaN, "ppv": NaN, "npv": NaN, "hitrate": NaN, "instances": 7180}}