{"train_metrics": 
{"Accuracy": 0.5884401114206128,
 "AUC": NaN, "WF1": 0.5797080981900977, 
 "precision": 0.7026369677064683,
  "recall": 0.5884401114206128, 
  "mcc": 0.556875315391126, 
  "tp": 0, "fp": 0, "tn": 0, "fn": 0, "sensitivity": NaN, "specificity": NaN, "ppv": NaN, "npv": NaN, "hitrate": NaN, "instances": 7180}, "test_metrics": {"Accuracy": 0.5884401114206128, "AUC": NaN, "WF1": 0.5797080981900977, "precision": 0.7026369677064683, "recall": 0.5884401114206128, "mcc": 0.556875315391126, "tp": 0, "fp": 0, "tn": 0, "fn": 0, "sensitivity": NaN, "specificity": NaN, "ppv": NaN, "npv": NaN, "hitrate": NaN, "instances": 7180}}