{"train_metrics":
 {"Accuracy": 0.6653203342618385, 
 "AUC": NaN, "WF1": 0.6120310010867358,
  "precision": 0.597322915321247, 
  "recall": 0.6653203342618385, 
  "mcc": 0.6321283613775505,
   "tp": 0, "fp": 0, "tn": 0, "fn": 0, "sensitivity": NaN, "specificity": NaN, "ppv": NaN, "npv": NaN, "hitrate": NaN, "instances": 7180}, "test_metrics": {"Accuracy": 0.6653203342618385, "AUC": NaN, "WF1": 0.6120310010867358, "precision": 0.597322915321247, "recall": 0.6653203342618385, "mcc": 0.6321283613775505, "tp": 0, "fp": 0, "tn": 0, "fn": 0, "sensitivity": NaN, "specificity": NaN, "ppv": NaN, "npv": NaN, "hitrate": NaN, "instances": 7180}}