{"train_metrics":
 {"Accuracy": 0.6018105849582173, 
 "AUC": NaN, "WF1": 0.6201045431248536, 
 "precision": 0.7516010235060953, 
 "recall": 0.6018105849582173,
  "mcc": 0.5808752133617238,
   "tp": 0, "fp": 0, "tn": 0, "fn": 0, "sensitivity": NaN, "specificity": NaN, "ppv": NaN, "npv": NaN, "hitrate": NaN, "instances": 7180}, "test_metrics": {"Accuracy": 0.6018105849582173, "AUC": NaN, "WF1": 0.6201045431248536, "precision": 0.7516010235060953, "recall": 0.6018105849582173, "mcc": 0.5808752133617238, "tp": 0, "fp": 0, "tn": 0, "fn": 0, "sensitivity": NaN, "specificity": NaN, "ppv": NaN, "npv": NaN, "hitrate": NaN, "instances": 7180}}