{"train_metrics": 
{"Accuracy": 0.6179665738161559,
 "AUC": NaN, "WF1": 0.6378690625732513,
  "precision": 0.7706317997568211, 
  "recall": 0.6179665738161559, 
  "mcc": 0.6133639588832029, 
  "tp": 0, "fp": 0, "tn": 0, "fn": 0, "sensitivity": NaN, "specificity": NaN, "ppv": NaN, "npv": NaN, "hitrate": NaN, "instances": 7180}, "test_metrics": {"Accuracy": 0.6179665738161559, "AUC": NaN, "WF1": 0.6378690625732513, "precision": 0.7706317997568211, "recall": 0.6179665738161559, "mcc": 0.6133639588832029, "tp": 0, "fp": 0, "tn": 0, "fn": 0, "sensitivity": NaN, "specificity": NaN, "ppv": NaN, "npv": NaN, "hitrate": NaN, "instances": 7180}}