{"train_metrics":
 {"Accuracy": 0.4955431754874652, 
 "AUC": NaN, "WF1": 0.47540744649954336, 
 "precision": 0.5723122030469804, 
 "recall": 0.4955431754874652, 
 "mcc": 0.45344155714109435, 
 "tp": 0, "fp": 0, "tn": 0, "fn": 0, "sensitivity": NaN, "specificity": NaN, "ppv": NaN, "npv": NaN, "hitrate": NaN, "instances": 7180}, "test_metrics": {"Accuracy": 0.4955431754874652, "AUC": NaN, "WF1": 0.47540744649954336, "precision": 0.5723122030469804, "recall": 0.4955431754874652, "mcc": 0.45344155714109435, "tp": 0, "fp": 0, "tn": 0, "fn": 0, "sensitivity": NaN, "specificity": NaN, "ppv": NaN, "npv": NaN, "hitrate": NaN, "instances": 7180}}