{"train_metrics":
 {"Accuracy": 0.4909470752089137, 
 "AUC": NaN, "WF1": 0.5048510881249496,
  "precision": 0.5821557821412244,
   "recall": 0.4909470752089137,
    "mcc": 0.44308940924885726, 
    "tp": 0, "fp": 0, "tn": 0, "fn": 0, "sensitivity": NaN, "specificity": NaN, "ppv": NaN, "npv": NaN, "hitrate": NaN, "instances": 7180}, "test_metrics": {"Accuracy": 0.4909470752089137, "AUC": NaN, "WF1": 0.5048510881249496, "precision": 0.5821557821412244, "recall": 0.4909470752089137, "mcc": 0.44308940924885726, "tp": 0, "fp": 0, "tn": 0, "fn": 0, "sensitivity": NaN, "specificity": NaN, "ppv": NaN, "npv": NaN, "hitrate": NaN, "instances": 7180}}