{"train_metrics": 
{"Accuracy": 0.5293871866295264, 
"AUC": NaN, "WF1": 0.5118684840516234,
 "precision": 0.5584345958570215,
  "recall": 0.5293871866295264, 
  "mcc": 0.48564184607134403, 
  "tp": 0, "fp": 0, "tn": 0, "fn": 0, "sensitivity": NaN, "specificity": NaN, "ppv": NaN, "npv": NaN, "hitrate": NaN, "instances": 7180}, "test_metrics": {"Accuracy": 0.5293871866295264, "AUC": NaN, "WF1": 0.5118684840516234, "precision": 0.5584345958570215, "recall": 0.5293871866295264, "mcc": 0.48564184607134403, "tp": 0, "fp": 0, "tn": 0, "fn": 0, "sensitivity": NaN, "specificity": NaN, "ppv": NaN, "npv": NaN, "hitrate": NaN, "instances": 7180}}