{"train_metrics": 
{"Accuracy": 0.5064066852367688,
 "AUC": NaN, "WF1": 0.5159804872662801, 
 "precision": 0.6336189466890687, 
 "recall": 0.5064066852367688, 
 "mcc": 0.4641848629906731, 
 "tp": 0, "fp": 0, "tn": 0, "fn": 0, "sensitivity": NaN, "specificity": NaN, "ppv": NaN, "npv": NaN, "hitrate": NaN, "instances": 7180}, "test_metrics": {"Accuracy": 0.5064066852367688, "AUC": NaN, "WF1": 0.5159804872662801, "precision": 0.6336189466890687, "recall": 0.5064066852367688, "mcc": 0.4641848629906731, "tp": 0, "fp": 0, "tn": 0, "fn": 0, "sensitivity": NaN, "specificity": NaN, "ppv": NaN, "npv": NaN, "hitrate": NaN, "instances": 7180}}