{"train_metrics": {"Accuracy": 0.1874, "Balanced Accuracy": 0.1874, "AUC": NaN, "WF1": 0.1710256112675279, "precision": 0.22940494147558282, "recall": 0.1874, "mcc": 0.07412179078522317, "tp": 44, "fp": 225, "tn": 0, "fn": 0, "sensitivity": 1.0, "specificity": 0.0, "ppv": 0.16356877323420074, "npv": NaN, "hitrate": 0.16356877323420074, "instances": 5000}, "test_metrics": {"Accuracy": 0.1874, "Balanced Accuracy": 0.1874, "AUC": NaN, "WF1": 0.1710256112675279, "precision": 0.22940494147558282, "recall": 0.1874, "mcc": 0.07412179078522317, "tp": 44, "fp": 225, "tn": 0, "fn": 0, "sensitivity": 1.0, "specificity": 0.0, "ppv": 0.16356877323420074, "npv": NaN, "hitrate": 0.16356877323420074, "instances": 5000}}