{"train_metrics": {"Accuracy": 0.2528141241609862, "AUC": NaN, "WF1": 0.23306180802167273, "precision": 0.504210704125936, "recall": 0.2528141241609862, "mcc": 0.009137810891635113, "tp": 0, "fp": 0, "tn": 0, "fn": 0, "sensitivity": NaN, "specificity": NaN, "ppv": NaN, "npv": NaN, "hitrate": NaN, "instances": 76578}, "test_metrics": {"Accuracy": 0.2528141241609862, "AUC": NaN, "WF1": 0.23306180802167273, "precision": 0.504210704125936, "recall": 0.2528141241609862, "mcc": 0.009137810891635113, "tp": 0, "fp": 0, "tn": 0, "fn": 0, "sensitivity": NaN, "specificity": NaN, "ppv": NaN, "npv": NaN, "hitrate": NaN, "instances": 76578}}