{"train_metrics": {"Accuracy": 0.5442032959857923, "AUC": NaN, "WF1": 0.488565608323395, "precision": 0.4538957566002476, "recall": 0.5442032959857923, "mcc": -0.013474674304758261, "tp": 0, "fp": 0, "tn": 0, "fn": 0, "sensitivity": NaN, "specificity": NaN, "ppv": NaN, "npv": NaN, "hitrate": NaN, "instances": 76578}, "test_metrics": {"Accuracy": 0.5442032959857923, "AUC": NaN, "WF1": 0.488565608323395, "precision": 0.4538957566002476, "recall": 0.5442032959857923, "mcc": -0.013474674304758261, "tp": 0, "fp": 0, "tn": 0, "fn": 0, "sensitivity": NaN, "specificity": NaN, "ppv": NaN, "npv": NaN, "hitrate": NaN, "instances": 76578}}