{"train_metrics": {"Accuracy": 0.31562589777742955, "AUC": NaN, "WF1": 0.34736133109008516, "precision": 0.4783620022517993, "recall": 0.31562589777742955, "mcc": -0.0070433646466100406, "tp": 0, "fp": 0, "tn": 0, "fn": 0, "sensitivity": NaN, "specificity": NaN, "ppv": NaN, "npv": NaN, "hitrate": NaN, "instances": 76578}, "test_metrics": {"Accuracy": 0.31562589777742955, "AUC": NaN, "WF1": 0.34736133109008516, "precision": 0.4783620022517993, "recall": 0.31562589777742955, "mcc": -0.0070433646466100406, "tp": 0, "fp": 0, "tn": 0, "fn": 0, "sensitivity": NaN, "specificity": NaN, "ppv": NaN, "npv": NaN, "hitrate": NaN, "instances": 76578}}