{"train_metrics": {"Accuracy": 0.4488234218705111, "AUC": NaN, "WF1": 0.4674792616395052, "precision": 0.4915891594718023, "recall": 0.4488234218705111, "mcc": 0.015538222987291026, "tp": 0, "fp": 0, "tn": 0, "fn": 0, "sensitivity": NaN, "specificity": NaN, "ppv": NaN, "npv": NaN, "hitrate": NaN, "instances": 76578}, "test_metrics": {"Accuracy": 0.4488234218705111, "AUC": NaN, "WF1": 0.4674792616395052, "precision": 0.4915891594718023, "recall": 0.4488234218705111, "mcc": 0.015538222987291026, "tp": 0, "fp": 0, "tn": 0, "fn": 0, "sensitivity": NaN, "specificity": NaN, "ppv": NaN, "npv": NaN, "hitrate": NaN, "instances": 76578}}