{"train_metrics": {"Accuracy": 0.2690328815064379, "AUC": NaN, "WF1": 0.2580718929833542, "precision": 0.41411772252132345, "recall": 0.2690328815064379, "mcc": -0.04598853936785003, "tp": 0, "fp": 0, "tn": 0, "fn": 0, "sensitivity": NaN, "specificity": NaN, "ppv": NaN, "npv": NaN, "hitrate": NaN, "instances": 76578}, "test_metrics": {"Accuracy": 0.2690328815064379, "AUC": NaN, "WF1": 0.2580718929833542, "precision": 0.41411772252132345, "recall": 0.2690328815064379, "mcc": -0.04598853936785003, "tp": 0, "fp": 0, "tn": 0, "fn": 0, "sensitivity": NaN, "specificity": NaN, "ppv": NaN, "npv": NaN, "hitrate": NaN, "instances": 76578}}