{"train_metrics": {"Accuracy": 0.6028363237483351, "AUC": NaN, "WF1": 0.5022230744539509, "precision": 0.45292150893909255, "recall": 0.6028363237483351, "mcc": -0.02919246638807456, "tp": 0, "fp": 0, "tn": 0, "fn": 0, "sensitivity": NaN, "specificity": NaN, "ppv": NaN, "npv": NaN, "hitrate": NaN, "instances": 76578}, "test_metrics": {"Accuracy": 0.6028363237483351, "AUC": NaN, "WF1": 0.5022230744539509, "precision": 0.45292150893909255, "recall": 0.6028363237483351, "mcc": -0.02919246638807456, "tp": 0, "fp": 0, "tn": 0, "fn": 0, "sensitivity": NaN, "specificity": NaN, "ppv": NaN, "npv": NaN, "hitrate": NaN, "instances": 76578}}