{"train_metrics": 
{"Accuracy": 0.12207792207792208, 
"AUC": NaN, "WF1": 0.11061028479085258, 
"precision": 0.22443083478434747, 
"recall": 0.12207792207792208, 
"mcc": 0.02232767400008337, "tp": 0, "fp": 0, "tn": 0, "fn": 0, "sensitivity": NaN, "specificity": NaN, "ppv": NaN, "npv": NaN, "hitrate": NaN, "instances": 770}, "test_metrics": {"Accuracy": 0.12207792207792208, "AUC": NaN, "WF1": 0.11061028479085258, "precision": 0.22443083478434747, "recall": 0.12207792207792208, "mcc": 0.02232767400008337, "tp": 0, "fp": 0, "tn": 0, "fn": 0, "sensitivity": NaN, "specificity": NaN, "ppv": NaN, "npv": NaN, "hitrate": NaN, "instances": 770}}