{"train_metrics": 
{"Accuracy": 0.12337662337662338, 
"AUC": NaN, "WF1": 0.0890437217771, 
"precision": 0.28100853395282777, 
"recall": 0.12337662337662338, 
"mcc": 0.0526586893935168, 
"tp": 0, "fp": 0, "tn": 0, "fn": 0, "sensitivity": NaN, "specificity": NaN, "ppv": NaN, "npv": NaN, "hitrate": NaN, "instances": 770}, "test_metrics": {"Accuracy": 0.12337662337662338, "AUC": NaN, "WF1": 0.0890437217771, "precision": 0.28100853395282777, "recall": 0.12337662337662338, "mcc": 0.0526586893935168, "tp": 0, "fp": 0, "tn": 0, "fn": 0, "sensitivity": NaN, "specificity": NaN, "ppv": NaN, "npv": NaN, "hitrate": NaN, "instances": 770}}