{"train_metrics": {"Accuracy": 0.11038961038961038, "AUC": NaN, "WF1": 0.04469658215304691, "precision": 0.15379822726848222, "recall": 0.11038961038961038, "mcc": -0.027014900799672444, "tp": 0, "fp": 0, "tn": 0, "fn": 0, "sensitivity": NaN, "specificity": NaN, "ppv": NaN, "npv": NaN, "hitrate": NaN, "instances": 770}, "test_metrics": {"Accuracy": 0.11038961038961038, "AUC": NaN, "WF1": 0.04469658215304691, "precision": 0.15379822726848222, "recall": 0.11038961038961038, "mcc": -0.027014900799672444, "tp": 0, "fp": 0, "tn": 0, "fn": 0, "sensitivity": NaN, "specificity": NaN, "ppv": NaN, "npv": NaN, "hitrate": NaN, "instances": 770}}