{"train_metrics": {"Accuracy": 0.12727272727272726, "AUC": NaN, "WF1": 0.07723078168790877, "precision": 0.28092291837511185, "recall": 0.12727272727272726, "mcc": -0.0012836938579381966, "tp": 0, "fp": 0, "tn": 0, "fn": 0, "sensitivity": NaN, "specificity": NaN, "ppv": NaN, "npv": NaN, "hitrate": NaN, "instances": 770}, "test_metrics": {"Accuracy": 0.12727272727272726, "AUC": NaN, "WF1": 0.07723078168790877, "precision": 0.28092291837511185, "recall": 0.12727272727272726, "mcc": -0.0012836938579381966, "tp": 0, "fp": 0, "tn": 0, "fn": 0, "sensitivity": NaN, "specificity": NaN, "ppv": NaN, "npv": NaN, "hitrate": NaN, "instances": 770}}