{"train_metrics": {"Accuracy": 0.14155844155844155, "AUC": NaN, "WF1": 0.10784668710012915, "precision": 0.2801843486726224, "recall": 0.14155844155844155, "mcc": 0.013581940969382526, "tp": 0, "fp": 0, "tn": 0, "fn": 0, "sensitivity": NaN, "specificity": NaN, "ppv": NaN, "npv": NaN, "hitrate": NaN, "instances": 770}, "test_metrics": {"Accuracy": 0.14155844155844155, "AUC": NaN, "WF1": 0.10784668710012915, "precision": 0.2801843486726224, "recall": 0.14155844155844155, "mcc": 0.013581940969382526, "tp": 0, "fp": 0, "tn": 0, "fn": 0, "sensitivity": NaN, "specificity": NaN, "ppv": NaN, "npv": NaN, "hitrate": NaN, "instances": 770}}