{"train_metrics": {"Accuracy": 0.10519480519480519, "AUC": NaN, "WF1": 0.03471438141367241, "precision": 0.20089633266462534, "recall": 0.10519480519480519, "mcc": -0.03912102803072989, "tp": 0, "fp": 0, "tn": 0, "fn": 0, "sensitivity": NaN, "specificity": NaN, "ppv": NaN, "npv": NaN, "hitrate": NaN, "instances": 770}, "test_metrics": {"Accuracy": 0.10519480519480519, "AUC": NaN, "WF1": 0.03471438141367241, "precision": 0.20089633266462534, "recall": 0.10519480519480519, "mcc": -0.03912102803072989, "tp": 0, "fp": 0, "tn": 0, "fn": 0, "sensitivity": NaN, "specificity": NaN, "ppv": NaN, "npv": NaN, "hitrate": NaN, "instances": 770}}