{"train_metrics": {"Accuracy": 0.13116883116883116, "AUC": NaN, "WF1": 0.060572070738022406, "precision": 0.2425815354874018, "recall": 0.13116883116883116, "mcc": 0.011582096515478459, "tp": 0, "fp": 0, "tn": 0, "fn": 0, "sensitivity": NaN, "specificity": NaN, "ppv": NaN, "npv": NaN, "hitrate": NaN, "instances": 770}, "test_metrics": {"Accuracy": 0.13116883116883116, "AUC": NaN, "WF1": 0.060572070738022406, "precision": 0.2425815354874018, "recall": 0.13116883116883116, "mcc": 0.011582096515478459, "tp": 0, "fp": 0, "tn": 0, "fn": 0, "sensitivity": NaN, "specificity": NaN, "ppv": NaN, "npv": NaN, "hitrate": NaN, "instances": 770}}