{"train_metrics": {"Accuracy": 0.17792207792207793, "AUC": NaN, "WF1": 0.17187776315766692, "precision": 0.35194305539630505, "recall": 0.17792207792207793, "mcc": 0.09271130367738759, "tp": 0, "fp": 0, "tn": 0, "fn": 0, "sensitivity": NaN, "specificity": NaN, "ppv": NaN, "npv": NaN, "hitrate": NaN, "instances": 770}, "test_metrics": {"Accuracy": 0.17792207792207793, "AUC": NaN, "WF1": 0.17187776315766692, "precision": 0.35194305539630505, "recall": 0.17792207792207793, "mcc": 0.09271130367738759, "tp": 0, "fp": 0, "tn": 0, "fn": 0, "sensitivity": NaN, "specificity": NaN, "ppv": NaN, "npv": NaN, "hitrate": NaN, "instances": 770}}