{"train_metrics": {"Accuracy": 0.24935064935064935, "AUC": NaN, "WF1": 0.2789748358438447, "precision": 0.37159103876567556, "recall": 0.24935064935064935, "mcc": 0.11940993785436509, "tp": 0, "fp": 0, "tn": 0, "fn": 0, "sensitivity": NaN, "specificity": NaN, "ppv": NaN, "npv": NaN, "hitrate": NaN, "instances": 770}, "test_metrics": {"Accuracy": 0.24935064935064935, "AUC": NaN, "WF1": 0.2789748358438447, "precision": 0.37159103876567556, "recall": 0.24935064935064935, "mcc": 0.11940993785436509, "tp": 0, "fp": 0, "tn": 0, "fn": 0, "sensitivity": NaN, "specificity": NaN, "ppv": NaN, "npv": NaN, "hitrate": NaN, "instances": 770}}