{"train_metrics": {"Accuracy": 0.2545454545454545, "AUC": NaN, "WF1": 0.26934402499658466, "precision": 0.38759541094310146, "recall": 0.2545454545454545, "mcc": 0.14424899799040458, "tp": 0, "fp": 0, "tn": 0, "fn": 0, "sensitivity": NaN, "specificity": NaN, "ppv": NaN, "npv": NaN, "hitrate": NaN, "instances": 770}, "test_metrics": {"Accuracy": 0.2545454545454545, "AUC": NaN, "WF1": 0.26934402499658466, "precision": 0.38759541094310146, "recall": 0.2545454545454545, "mcc": 0.14424899799040458, "tp": 0, "fp": 0, "tn": 0, "fn": 0, "sensitivity": NaN, "specificity": NaN, "ppv": NaN, "npv": NaN, "hitrate": NaN, "instances": 770}}