{"train_metrics": 
{"Accuracy": 0.2779220779220779, 
"AUC": NaN, "WF1": 0.2871095461234404,
 "precision": 0.32741283057131776, 
 "recall": 0.2779220779220779,
  "mcc": 0.12572188016315308, 
  "tp": 0, "fp": 0, "tn": 0, "fn": 0, "sensitivity": NaN, "specificity": NaN, "ppv": NaN, "npv": NaN, "hitrate": NaN, "instances": 770}, "test_metrics": {"Accuracy": 0.2779220779220779, "AUC": NaN, "WF1": 0.2871095461234404, "precision": 0.32741283057131776, "recall": 0.2779220779220779, "mcc": 0.12572188016315308, "tp": 0, "fp": 0, "tn": 0, "fn": 0, "sensitivity": NaN, "specificity": NaN, "ppv": NaN, "npv": NaN, "hitrate": NaN, "instances": 770}}