{"train_metrics": {"Accuracy": 0.21948051948051947, "AUC": NaN, "WF1": 0.236354898886071, "precision": 0.3252362686817675, "recall": 0.21948051948051947, "mcc": 0.09234132059203341, "tp": 0, "fp": 0, "tn": 0, "fn": 0, "sensitivity": NaN, "specificity": NaN, "ppv": NaN, "npv": NaN, "hitrate": NaN, "instances": 770}, "test_metrics": {"Accuracy": 0.21948051948051947, "AUC": NaN, "WF1": 0.236354898886071, "precision": 0.3252362686817675, "recall": 0.21948051948051947, "mcc": 0.09234132059203341, "tp": 0, "fp": 0, "tn": 0, "fn": 0, "sensitivity": NaN, "specificity": NaN, "ppv": NaN, "npv": NaN, "hitrate": NaN, "instances": 770}}