{"train_metrics": 
{"Accuracy": 0.2714285714285714, 
"AUC": NaN, "WF1": 0.2972673598334276, 
"precision": 0.3500798653764709, 
"recall": 0.2714285714285714, 
"mcc": 0.113442954159984,
 "tp": 0, "fp": 0, "tn": 0, "fn": 0, "sensitivity": NaN, "specificity": NaN, "ppv": NaN, "npv": NaN, "hitrate": NaN, "instances": 770}, "test_metrics": {"Accuracy": 0.2714285714285714, "AUC": NaN, "WF1": 0.2972673598334276, "precision": 0.3500798653764709, "recall": 0.2714285714285714, "mcc": 0.113442954159984, "tp": 0, "fp": 0, "tn": 0, "fn": 0, "sensitivity": NaN, "specificity": NaN, "ppv": NaN, "npv": NaN, "hitrate": NaN, "instances": 770}}