{"train_metrics": {"Accuracy": 0.3142857142857143, "AUC": NaN, "WF1": 0.32110642839136916, "precision": 0.342120667502768, "recall": 0.3142857142857143, "mcc": 0.1358343726234876, "tp": 0, "fp": 0, "tn": 0, "fn": 0, "sensitivity": NaN, "specificity": NaN, "ppv": NaN, "npv": NaN, "hitrate": NaN, "instances": 770}, "test_metrics": {"Accuracy": 0.3142857142857143, "AUC": NaN, "WF1": 0.32110642839136916, "precision": 0.342120667502768, "recall": 0.3142857142857143, "mcc": 0.1358343726234876, "tp": 0, "fp": 0, "tn": 0, "fn": 0, "sensitivity": NaN, "specificity": NaN, "ppv": NaN, "npv": NaN, "hitrate": NaN, "instances": 770}}