{"train_metrics": 
{"Accuracy": 0.11168831168831168, 
"AUC": NaN, "WF1": 0.11102498763125503, 
"precision": 0.25351011136764223,
 "recall": 0.11168831168831168, 
 "mcc": 0.016555722828609173, 
 "tp": 0, "fp": 0, "tn": 0, "fn": 0, "sensitivity": NaN, "specificity": NaN, "ppv": NaN, "npv": NaN, "hitrate": NaN, "instances": 770}, "test_metrics": {"Accuracy": 0.11168831168831168, "AUC": NaN, "WF1": 0.11102498763125503, "precision": 0.25351011136764223, "recall": 0.11168831168831168, "mcc": 0.016555722828609173, "tp": 0, "fp": 0, "tn": 0, "fn": 0, "sensitivity": NaN, "specificity": NaN, "ppv": NaN, "npv": NaN, "hitrate": NaN, "instances": 770}}