{"train_metrics": 
{"Accuracy": 0.1, 
"AUC": NaN, "WF1": 0.0559796871219316, 
"precision": 0.05754609113754851,
 "recall": 0.1, 
 "mcc": 0.04214387581175075, 
 "tp": 0, "fp": 0, "tn": 0, "fn": 0, "sensitivity": NaN, "specificity": NaN, "ppv": NaN, "npv": NaN, "hitrate": NaN, "instances": 770}, "test_metrics": {"Accuracy": 0.1, "AUC": NaN, "WF1": 0.0559796871219316, "precision": 0.05754609113754851, "recall": 0.1, "mcc": 0.04214387581175075, "tp": 0, "fp": 0, "tn": 0, "fn": 0, "sensitivity": NaN, "specificity": NaN, "ppv": NaN, "npv": NaN, "hitrate": NaN, "instances": 770}}