{"train_metrics": 
{"Accuracy": 0.08831168831168831, 
"AUC": NaN, "WF1": 0.04719510819400308,
 "precision": 0.0505832141773907, 
 "recall": 0.08831168831168831, 
 "mcc": 0.02262060886636933, 
 "tp": 0, "fp": 0, "tn": 0, "fn": 0, "sensitivity": NaN, "specificity": NaN, "ppv": NaN, "npv": NaN, "hitrate": NaN, "instances": 770}, "test_metrics": {"Accuracy": 0.08831168831168831, "AUC": NaN, "WF1": 0.04719510819400308, "precision": 0.0505832141773907, "recall": 0.08831168831168831, "mcc": 0.02262060886636933, "tp": 0, "fp": 0, "tn": 0, "fn": 0, "sensitivity": NaN, "specificity": NaN, "ppv": NaN, "npv": NaN, "hitrate": NaN, "instances": 770}}