{"train_metrics": 
{"Accuracy": 0.11818181818181818, 
"AUC": NaN, "WF1": 0.08302327617887448,
 "precision": 0.10094241873555605,
  "recall": 0.11818181818181818,
   "mcc": 0.042574175616908815, 
   "tp": 0, "fp": 0, "tn": 0, "fn": 0, "sensitivity": NaN, "specificity": NaN, "ppv": NaN, "npv": NaN, "hitrate": NaN, "instances": 770}, "test_metrics": {"Accuracy": 0.11818181818181818, "AUC": NaN, "WF1": 0.08302327617887448, "precision": 0.10094241873555605, "recall": 0.11818181818181818, "mcc": 0.042574175616908815, "tp": 0, "fp": 0, "tn": 0, "fn": 0, "sensitivity": NaN, "specificity": NaN, "ppv": NaN, "npv": NaN, "hitrate": NaN, "instances": 770}}